k,total_insert_time,#th
10,0.011423,64
50,0.062205,64
100,0.133980,64
500,0.611421,64
1000,1.611620,64
5000,21.836535,64
10000,129.989515,64